"Chromosome","Region","Type","Reference","Allele","Reference allele","Length","Linkage","Zygosity","Count","Coverage","Frequency","Probability","Forward read count","Reverse read count","Forward read coverage","Reverse read coverage","Forward/reverse balance","Average quality","Partial MNV match","Overlap","Read count","Read coverage","# unique start positions","# unique end positions","BaseQRankSum","Read position test probability","Read direction test probability","Hyper-allelic","Homopolymer","Homopolymer length"
"chr_8_AM_1003_v1","5488..5490","MNV","ACC","TTT","No","3","","Homozygous","11","11","100","","11","2","11","2","0.1538461538","36.1875","","","13","13","10","11","","1","1","no","No","1"
"chr_8_AM_1003_v1","5600^5601","Insertion","-","T","No","1","","Homozygous","13","13","100","","9","13","9","13","0.4090909091","35.1538461538","","","22","22","11","11","","1","1","no","No","1"
"chr_8_AM_1003_v1","5612","SNV","G","T","No","1","","Homozygous","11","11","100","","7","11","7","11","0.3888888889","35.9090909091","","","18","18","10","10","","1","1","no","No","1"
"chr_8_AM_1003_v1","5615","SNV","A","G","No","1","","Homozygous","11","11","100","","6","11","6","11","0.3529411765","35.9090909091","","","17","17","10","10","","1","1","no","No","1"
"chr_8_AM_1003_v1","5633","SNV","A","G","No","1","","Homozygous","11","11","100","","4","11","4","11","0.2666666667","35.9090909091","","","15","15","10","10","","1","1","no","No","1"
"chr_8_AM_1003_v1","5636","SNV","A","T","No","1","","Homozygous","11","11","100","","3","11","3","11","0.2142857143","37","","","14","14","10","10","","1","1","no","No","1"
"chr_8_AM_1003_v1","212183","SNV","C","T","No","1","","Homozygous","53","53","100","","24","33","24","33","0.4210526316","37","","","57","57","40","40","","1","1","no","No","1"
"chr_8_AM_1003_v1","359746","SNV","C","T","No","1","","Homozygous","59","59","100","","26","34","26","34","0.4333333333","36.593220339","","","60","60","41","42","","1","1","no","No","1"
"chr_8_AM_1003_v1","527103","SNV","T","C","No","1","","Heterozygous","29","91","31.8681318681","","22","17","58","50","0.4358974359","34.9310344828","","","39","108","22","22","-1.07","0.7106017017","1","no","No","1"
"chr_8_AM_1003_v1","527103","SNV","T","T","Yes","1","","Heterozygous","61","91","67.032967033","","35","33","58","50","0.4852941176","36.606557377","","","68","108","46","46","","0.9532694773","1","no","No","1"
"chr_8_AM_1003_v1","537092^537093","Insertion","-","T","No","1","","Heterozygous","26","86","30.2325581395","","4","22","10","76","0.1538461538","36.5384615385","","","26","86","21","21","1.71","0.6887355807","0.9462946849","no","Yes","4"
"chr_8_AM_1003_v1","537092^537093","Insertion","-","-","Yes","0","","Heterozygous","60","86","69.7674418605","","6","54","10","76","0.1","32.1666666667","","","60","86","43","43","","0.9500150267","0.9948151763","no","Yes","4"
"chr_8_AM_1003_v1","537153","SNV","G","A","No","1","","Heterozygous","20","59","33.8983050847","","7","13","24","35","0.35","35.2","","","20","59","17","17","-0.09","0.9179943393","0.9845113027","no","No","1"
"chr_8_AM_1003_v1","537153","SNV","G","G","Yes","1","","Heterozygous","39","59","66.1016949153","","17","22","24","35","0.4358974359","34.7435897436","","","39","59","35","35","","0.9903060782","1","no","No","1"
"chr_8_AM_1003_v1","537168","SNV","A","C","No","1","","Heterozygous","19","63","30.1587301587","","7","12","32","31","0.3684210526","34.2631578947","","","19","63","15","15","-0.39","0.4001528143","0.7673527759","no","No","1"
"chr_8_AM_1003_v1","537168","SNV","A","A","Yes","1","","Heterozygous","44","63","69.8412698413","","25","19","32","31","0.4318181818","36.1363636364","","","44","63","37","37","","0.8863521203","0.9897931715","no","No","1"
"chr_8_AM_1003_v1","547199^547200","Insertion","-","AAAA","No","4","","Heterozygous","45","142","31.6901408451","","20","26","75","75","0.4347826087","35.5444444444","","","46","150","36","34","4.43","0.9982879548","0.9443036198","no","Yes","19"
"chr_8_AM_1003_v1","547199^547200","Insertion","-","-","Yes","0","","Heterozygous","71","142","50","","42","36","75","75","0.4615384615","30.8730983302","","","77","150","56","57","","0.9671045996","0.9998853046","no","Yes","19"
"chr_8_AM_1003_v1","557955^557956","Insertion","-","GT","No","2","","Heterozygous","24","77","31.1688311688","","2","23","7","76","0.08","36.75","","","25","83","21","21","2.98","0.2373873169","1","no","No","1"
"chr_8_AM_1003_v1","557955^557956","Insertion","-","-","Yes","0","","Heterozygous","50","77","64.9350649351","","4","50","7","76","0.0740740741","30.64","","","54","83","44","43","","0.7517763414","0.9983683992","no","No","1"
"chr_8_AM_1003_v1","557967","SNV","T","G","No","1","","Heterozygous","28","73","38.3561643836","","3","28","6","72","0.0967741935","36.5714285714","","","31","78","22","24","1.17","0.0813434502","0.9800520331","no","No","1"
"chr_8_AM_1003_v1","557967","SNV","T","T","Yes","1","","Heterozygous","40","73","54.7945205479","","2","39","6","72","0.0487804878","33.2","","","41","78","33","32","","0.4800780435","0.9114925924","no","No","1"
"chr_8_AM_1003_v1","557980","Deletion","T","-","No","1","","Heterozygous","24","73","32.8767123288","","0","24","2","72","0","34.8333333333","","","24","74","18","19","0.9","0.0822910811","0.7574144142","no","No","1"
"chr_8_AM_1003_v1","557980","SNV","T","T","Yes","1","","Heterozygous","49","73","67.1232876712","","2","48","2","72","0.04","32.8775510204","","","50","74","42","40","","0.4894295881","0.9568313217","no","No","1"
"chr_8_AM_1003_v1","558051^558052","Insertion","-","T","No","1","","Heterozygous","19","45","42.2222222222","","1","19","6","45","0.05","33","","","20","51","15","16","0.36","0.6701205015","0.7826201619","no","No","1"
"chr_8_AM_1003_v1","558051^558052","Insertion","-","-","Yes","0","","Heterozygous","26","45","57.7777777778","","5","26","6","45","0.1612903226","31.6153846154","","","31","51","22","20","","0.8748237107","0.9356771343","no","No","1"
"chr_8_AM_1003_v1","558071..558072","Deletion","GT","-","No","2","","Heterozygous","13","39","33.3333333333","","0","13","6","39","0","37","","","13","45","10","9","1.26","0.206457639","0.4655211719","no","No","1"
"chr_8_AM_1003_v1","558071..558072","MNV","GT","GT","Yes","2","","Heterozygous","22","39","56.4102564103","","6","22","6","39","0.2142857143","33.8636363636","","","28","45","25","24","","0.5389710183","0.8021764963","no","No","1"
"chr_8_AM_1003_v1","558107","SNV","G","T","No","1","","Heterozygous","3","10","30","","1","3","4","9","0.25","37","","","4","13","3","3","0.34","0.7259875757","0.9939156439","no","No","1"
"chr_8_AM_1003_v1","558107","SNV","G","G","Yes","1","","Heterozygous","7","10","70","","3","6","4","9","0.3333333333","35.2857142857","","","9","13","7","7","","0.9424893684","1","no","No","1"
"chr_3_AM_1003_v1","59..61","Deletion","CAC","-","No","3","","Heterozygous","9","25","36","","7","2","20","8","0.2222222222","34.3333333333","","A1_CKDN230031286-1A_HGKYGDSX7_L1_1 (paired, trimmed pairs) mapping (Locally Realigned, Variants)-2 (compared)","10","28","8","8","-0.65","0.8303946153","0.9945806452","no","No","1"
"chr_3_AM_1003_v1","59..61","MNV","CAC","CAC","Yes","3","","Heterozygous","12","25","48","","9","4","20","8","0.3076923077","35.3775811209","","A1_CKDN230031286-1A_HGKYGDSX7_L1_1 (paired, trimmed pairs) mapping (Locally Realigned, Variants)-2 (compared)","14","28","14","14","","1","0.9987332072","no","No","1"
"chr_3_AM_1003_v1","24014^24015","Insertion","-","A","No","1","","Heterozygous","41","135","30.3703703704","","22","19","325","262","0.4634146341","34.8536585366","","A1_CKDN230031286-1A_HGKYGDSX7_L1_1 (paired, trimmed pairs) mapping (Locally Realigned, Variants)-2 (compared)","41","142","37","35","1.64","0.7581406914","0.9986102222","no","Yes","23"
"chr_3_AM_1003_v1","24014^24015","Insertion","-","-","Yes","0","","Heterozygous","94","135","69.6296296296","","58","43","325","262","0.4257425743","31.4893617021","","A1_CKDN230031286-1A_HGKYGDSX7_L1_1 (paired, trimmed pairs) mapping (Locally Realigned, Variants)-2 (compared)","101","142","70","69","","0.982577057","1","no","Yes","23"
"chr_3_AM_1003_v1","24015","Deletion","A","-","No","1","","Heterozygous","43","136","31.6176470588","","26","19","325","262","0.4222222222","31.7906976744","","A1_CKDN230031286-1A_HGKYGDSX7_L1_1 (paired, trimmed pairs) mapping (Locally Realigned, Variants)-2 (compared)","45","143","34","34","-2.52","0.285374291","0.9999985884","no","Yes","23"
"chr_3_AM_1003_v1","47335","SNV","C","T","No","1","","Heterozygous","92","208","44.2307692308","","44","56","119","111","0.44","35.4782608696","","","100","230","64","65","-0.11","0.9449449661","0.8457062426","no","No","1"
"chr_3_AM_1003_v1","47335","SNV","C","C","Yes","1","","Heterozygous","115","208","55.2884615385","","74","55","119","111","0.4263565891","36.0434782609","","","129","230","79","82","","0.9914725155","0.9672041542","no","No","1"
"chr_3_AM_1003_v1","87261","SNV","C","T","No","1","","Heterozygous","91","160","56.875","","61","42","111","75","0.4077669903","35.4835164835","","","103","186","67","67","-0.5","0.9900325467","1","no","No","1"
"chr_3_AM_1003_v1","87261","SNV","C","C","Yes","1","","Heterozygous","69","160","43.125","","50","33","111","75","0.3975903614","36.4782608696","","","83","186","49","49","","0.9708051138","1","no","No","1"
"chr_3_AM_1003_v1","107856","SNV","G","A","No","1","","Heterozygous","94","178","52.808988764","","41","56","86","102","0.4226804124","36.7234042553","","","97","188","58","59","0.28","0.9966576982","0.9999536026","no","No","1"
"chr_3_AM_1003_v1","107856","SNV","G","G","Yes","1","","Heterozygous","84","178","47.191011236","","45","46","86","102","0.4945054945","36.5714285714","","","91","188","63","64","","0.9952781039","0.9997835141","no","No","1"
"chr_3_AM_1003_v1","143428","SNV","C","T","No","1","","Heterozygous","80","170","47.0588235294","","40","50","92","107","0.4444444444","36.675","","","90","199","60","63","0.35","0.8701604067","1","no","No","1"
"chr_3_AM_1003_v1","143428","SNV","C","C","Yes","1","","Heterozygous","90","170","52.9411764706","","52","57","92","107","0.4770642202","36.4666666667","","","109","199","68","66","","0.8853259521","1","no","No","1"
"chr_3_AM_1003_v1","167122","SNV","G","A","No","1","","Homozygous","96","97","98.9690721649","","53","54","53","55","0.4953271028","34.7708333333","","","107","108","64","68","","1","1","no","No","1"
"chr_3_AM_1003_v1","288585..288586","MNV","TA","GG","No","2","","Heterozygous","21","63","33.3333333333","","5","18","33","35","0.2173913043","35.8095238095","","","23","68","17","17","-0.11","3.686E-3","0.1774909393","no","No","1"
"chr_3_AM_1003_v1","288585..288586","MNV","TA","TA","Yes","2","","Heterozygous","42","63","66.6666666667","","28","17","33","35","0.3777777778","36.119047619","","","45","68","32","32","","0.1612347408","0.6560037189","no","No","1"
"chr_13_AM_1003_v1","108879","SNV","C","A","No","1","","Homozygous","55","55","100","","30","28","30","28","0.4827586207","35.1818181818","","","58","58","41","40","","1","1","no","No","1"
"chr_13_AM_1003_v1","165452","SNV","G","T","No","1","","Heterozygous","10","29","34.4827586207","","10","0","20","9","0","17.8","","","10","29","10","10","-1.95","0.29086912","0.2009994881","no","No","1"
"chr_13_AM_1003_v1","165452","SNV","G","G","Yes","1","","Heterozygous","19","29","65.5172413793","","10","9","20","9","0.4736842105","27.5263157895","","","19","29","16","16","","0.7973273913","0.7129403435","no","No","1"
"chr_13_AM_1003_v1","191992^191993","Insertion","-","TTTTTTTTTAA","No","11","","Heterozygous","7","21","33.3333333333","","7","0","12","10","0","34.1468531469","","A1_CKDN230031286-1A_HGKYGDSX7_L1_1 (paired, trimmed pairs) mapping (Locally Realigned, Variants)-2 (compared)","7","21","4","5","-1.32","0.3276520627","0.265533685","no","No","1"
"chr_13_AM_1003_v1","406160","SNV","A","T","No","1","","Heterozygous","7","21","33.3333333333","","0","7","10","13","0","13","","","7","23","7","6","-1.87","0.0524448487","0.1566968818","no","No","1"
"chr_13_AM_1003_v1","406160","SNV","A","A","Yes","1","","Heterozygous","14","21","66.6666666667","","10","6","10","13","0.375","25.8571428571","","","16","23","11","12","","0.5566701283","0.6886263013","no","No","1"
"chr_13_AM_1003_v1","406162","SNV","G","T","No","1","","Heterozygous","8","20","40","","0","8","9","12","0","29.25","","","8","21","8","7","-0.62","0.1702308197","0.1319393988","no","No","1"
"chr_13_AM_1003_v1","406162","SNV","G","G","Yes","1","","Heterozygous","12","20","60","","9","4","9","12","0.3076923077","31.8333333333","","","13","21","10","10","","0.6006503863","0.4771856268","no","No","1"
"chr_13_AM_1003_v1","587599","SNV","G","A","No","1","","Heterozygous","7","17","41.1764705882","","3","4","5","12","0.4285714286","31.8571428571","","","7","17","6","6","-0.98","0.0368507823","0.906334044","no","No","1"
"chr_13_AM_1003_v1","587599","SNV","G","G","Yes","1","","Heterozygous","10","17","58.8235294118","","2","8","5","12","0.2","34.4","","","10","17","8","8","","0.0759709417","0.9414000478","no","No","1"
"chr_13_AM_1003_v1","632179","SNV","C","T","No","1","","Homozygous","43","43","100","","26","18","26","18","0.4090909091","36.4418604651","","","44","44","35","35","","1","1","no","No","1"
"chr_13_AM_1003_v1","811547..811548","MNV","AG","TC","No","2","","Heterozygous","16","52","30.7692307692","","8","8","27","28","0.5","37","","","16","54","14","14","0","0.0785457583","1","no","No","1"
"chr_13_AM_1003_v1","811547..811548","MNV","AG","AG","Yes","2","","Heterozygous","36","52","69.2307692308","","19","19","27","28","0.5","37","","","38","54","32","32","","0.6764939229","1","no","No","1"
"chr_13_AM_1003_v1","924184..924185","Deletion","GG","-","No","2","","Heterozygous","8","15","53.3333333333","","0","8","0","15","0","33.75","","","8","15","6","6","-0.53","0.4746528694","1","no","Yes","3"
"chr_13_AM_1003_v1","924184..924185","MNV","GG","GG","Yes","2","","Heterozygous","7","15","46.6666666667","","0","7","0","15","0","37","","","7","15","6","6","","0.5928882448","1","no","Yes","3"
"chr_13_AM_1003_v1","924189","Deletion","T","-","No","1","","Heterozygous","8","13","61.5384615385","","0","8","0","13","0","37","","","8","13","6","6","0","0.4410298239","1","no","No","1"
"chr_13_AM_1003_v1","924189","SNV","T","T","Yes","1","","Heterozygous","5","13","38.4615384615","","0","5","0","13","0","37","","","5","13","5","5","","0.4839562818","1","no","No","1"
"MT_AM_1003_v1","75415^75416","Insertion","-","T","No","1","","Homozygous","67","67","100","","2","65","2","65","0.0298507463","35.8656716418","","A1_CKDN230031286-1A_HGKYGDSX7_L1_1 (paired, trimmed pairs) mapping (Locally Realigned, Variants)-2 (compared)","67","67","7","8","","1","1","no","No","1"
"MT_AM_1003_v1","75417..75419","MNV","CTT","TAG","No","3","","Homozygous","32","36","88.8888888889","","2","30","3","33","0.0625","36.8122065728","","A1_CKDN230031286-1A_HGKYGDSX7_L1_1 (paired, trimmed pairs) mapping (Locally Realigned, Variants)-2 (compared)","32","36","5","5","","0.8712053556","0.9640789445","no","No","1"
"MT_AM_1003_v1","82578","Deletion","T","-","No","1","","Heterozygous","15","40","37.5","","0","15","3","37","0","37","","","15","40","12","13","0","0.4806813021","0.615788697","no","No","1"
"MT_AM_1003_v1","82578","SNV","T","T","Yes","1","","Heterozygous","25","40","62.5","","3","22","3","37","0.12","37","","","25","40","17","16","","0.822231911","0.8985083938","no","No","1"
"chr_2_AM_1003_v1","6215..6217","Replacement","TGA","C","No","3","","Heterozygous","6","16","37.5","","6","2","15","3","0.25","37","","","8","18","4","5","0","0.4782799854","0.9402780305","no","No","1"
"chr_2_AM_1003_v1","6215..6217","MNV","TGA","TGA","Yes","3","","Heterozygous","10","16","62.5","","9","1","15","3","0.1","37","","","10","18","8","8","","0.8508516752","0.9397486274","no","No","1"
"chr_2_AM_1003_v1","6222","SNV","C","G","No","1","","Heterozygous","9","19","47.3684210526","","9","2","17","5","0.1818181818","37","","","11","22","6","6","0","0.2346124677","0.9889307675","no","No","1"
"chr_2_AM_1003_v1","6222","SNV","C","C","Yes","1","","Heterozygous","8","19","42.1052631579","","8","1","17","5","0.1111111111","37","","","9","22","6","6","","0.5609637861","0.8471762635","no","No","1"
"chr_2_AM_1003_v1","8239","SNV","A","G","No","1","","Heterozygous","4","12","33.3333333333","","4","0","4","8","0","37","","","4","12","4","4","0","0.0812790757","0.1016045799","no","No","1"
"chr_2_AM_1003_v1","8239","SNV","A","A","Yes","1","","Heterozygous","8","12","66.6666666667","","0","8","4","8","0","37","","","8","12","7","7","","0.2138101801","0.2536838007","no","No","1"
"chr_2_AM_1003_v1","145872","SNV","G","T","No","1","","Heterozygous","12","38","31.5789473684","","12","0","20","18","0","21","","","12","38","11","9","-2.92","0.0287685855","0.0262710036","no","No","1"
"chr_2_AM_1003_v1","145872","SNV","G","G","Yes","1","","Heterozygous","26","38","68.4210526316","","8","18","20","18","0.3076923077","33.6153846154","","","26","38","21","17","","0.3292373103","0.4048929991","no","No","1"
"chr_2_AM_1003_v1","174440","SNV","G","T","No","1","","Heterozygous","10","32","31.25","","0","10","18","14","0","13.6","","","10","32","9","10","-3.3","0.0328349724","0.0162895392","no","No","1"
"chr_2_AM_1003_v1","174440","SNV","G","G","Yes","1","","Heterozygous","20","32","62.5","","18","2","18","14","0.1","33.1","","","20","32","17","18","","0.2020810848","0.0800698605","no","No","1"
"chr_2_AM_1003_v1","220604","SNV","C","T","No","1","","Homozygous","36","36","100","","20","21","20","21","0.487804878","36.3333333333","","","41","41","27","28","","1","1","no","No","1"
"chr_2_AM_1003_v1","238028","SNV","C","T","No","1","","Homozygous","35","35","100","","17","22","17","22","0.4358974359","37","","","39","39","28","28","","1","1","no","No","1"
"chr_2_AM_1003_v1","372772","SNV","G","A","No","1","","Homozygous","42","43","97.6744186047","","22","23","23","23","0.4888888889","35.1904761905","","","45","46","34","33","","0.9999976129","1","no","No","1"
"chr_2_AM_1003_v1","630659","SNV","G","A","No","1","","Homozygous","57","57","100","","31","34","31","34","0.4769230769","36.3333333333","","","65","65","45","44","","1","1","no","No","1"
"chr_2_AM_1003_v1","652176","SNV","C","T","No","1","","Homozygous","52","52","100","","22","35","22","35","0.3859649123","36.0769230769","","","57","57","41","43","","1","1","no","No","1"
"chr_2_AM_1003_v1","735916","SNV","G","A","No","1","","Homozygous","68","68","100","","39","37","39","37","0.4868421053","35.7352941176","","","76","76","47","47","","1","1","no","No","1"
"chr_2_AM_1003_v1","809025","SNV","T","C","No","1","","Heterozygous","23","74","31.0810810811","","14","9","44","36","0.3913043478","36.4782608696","","","23","80","17","17","0.11","0.0188159104","0.9791728882","no","No","1"
"chr_2_AM_1003_v1","809025","SNV","T","T","Yes","1","","Heterozygous","51","74","68.9189189189","","30","27","44","36","0.4736842105","36.0196078431","","","57","80","40","40","","0.7000358229","1","no","No","1"
"chr_9_AM_1003_v1","32954","SNV","T","C","No","1","","Heterozygous","29","96","30.2083333333","","29","8","66","46","0.2162162162","36.1034482759","","","37","112","22","23","0.3","0.208874866","0.2513311269","no","No","1"
"chr_9_AM_1003_v1","32954","SNV","T","T","Yes","1","","Heterozygous","67","96","69.7916666667","","37","38","66","46","0.4933333333","35.8955223881","","","75","112","50","53","","0.8771301664","0.8126244395","no","No","1"
"chr_9_AM_1003_v1","32960^32961","Insertion","-","AT","No","2","","Heterozygous","31","101","30.6930693069","","31","8","68","49","0.2051282051","36","","","39","117","28","29","4.21","0.0390821274","0.1612702206","no","No","1"
"chr_9_AM_1003_v1","32960^32961","Insertion","-","-","Yes","0","","Heterozygous","70","101","69.3069306931","","37","41","68","49","0.4743589744","28.6571428571","","","78","117","57","61","","0.5098789331","0.7272496596","no","No","1"
"chr_9_AM_1003_v1","32970","Replacement","A","GT","No","2","","Heterozygous","33","103","32.0388349515","","33","8","70","50","0.1951219512","37","","","41","120","29","30","1.65","0.1143767331","0.1223070889","no","No","1"
"chr_9_AM_1003_v1","32970","SNV","A","A","Yes","1","","Heterozygous","70","103","67.9611650485","","37","42","70","50","0.4683544304","34.6857142857","","","79","120","62","65","","0.7550791599","0.6570219559","no","No","1"
"chr_9_AM_1003_v1","32973^32974","Insertion","-","T","No","1","","Heterozygous","36","102","35.2941176471","","35","10","67","51","0.2222222222","36.2777777778","","","45","118","27","28","2.89","0.0503403822","0.1492051304","no","No","1"
"chr_9_AM_1003_v1","32973^32974","Insertion","-","-","Yes","0","","Heterozygous","66","102","64.7058823529","","32","41","67","51","0.4383561644","29.2727272727","","","73","118","54","58","","0.2887149704","0.5573781429","no","No","1"
"chr_9_AM_1003_v1","32976","SNV","C","T","No","1","","Heterozygous","37","105","35.2380952381","","37","9","69","52","0.1956521739","35.972972973","","","46","121","27","29","1.92","0.0149294446","0.0752179408","no","No","1"
"chr_9_AM_1003_v1","32976","SNV","C","C","Yes","1","","Heterozygous","67","105","63.8095238095","","31","43","69","52","0.4189189189","31.9253731343","","","74","121","55","59","","0.2176297433","0.3834771265","no","No","1"
"chr_9_AM_1003_v1","33013","Deletion","A","-","No","1","","Heterozygous","37","110","33.6363636364","","31","10","66","56","0.243902439","35","","","41","122","26","28","0.16","0.1824530791","0.1603950375","no","No","1"
"chr_9_AM_1003_v1","33013","SNV","A","A","Yes","1","","Heterozygous","72","110","65.4545454545","","35","45","66","56","0.4375","34.5833333333","","","80","122","57","61","","0.7617842221","0.7502595501","no","No","1"
"chr_9_AM_1003_v1","33015","Deletion","A","-","No","1","","Heterozygous","37","111","33.3333333333","","31","10","64","57","0.243902439","37","","","41","121","26","28","1.5","0.1645581524","0.1262807062","no","No","1"
"chr_9_AM_1003_v1","33015","SNV","A","A","Yes","1","","Heterozygous","74","111","66.6666666667","","33","47","64","57","0.4125","33.7567567568","","","80","121","58","62","","0.7173013742","0.6459513087","no","No","1"
"chr_9_AM_1003_v1","33020","Deletion","A","-","No","1","","Heterozygous","37","105","35.2380952381","","31","10","62","52","0.243902439","34.6756756757","","","41","114","26","28","-0.24","0.2277682662","0.1748916176","no","No","1"
"chr_9_AM_1003_v1","33020","SNV","A","A","Yes","1","","Heterozygous","68","105","64.7619047619","","31","42","62","52","0.4246575342","35","","","73","114","54","58","","0.7123759162","0.6456398632","no","No","1"
"chr_9_AM_1003_v1","34801^34802","Insertion","-","TTTATT","No","6","","Heterozygous","39","108","36.1111111111","","6","36","51","74","0.1428571429","36.6923076923","","","42","125","35","34","2.56","0.0438228127","0.0315289491","no","No","1"
"chr_9_AM_1003_v1","34801^34802","Insertion","-","-","Yes","0","","Heterozygous","69","108","63.8888888889","","45","38","51","74","0.4578313253","34.4492753623","","","83","125","59","60","","0.5744637145","0.482862265","no","No","1"
"chr_9_AM_1003_v1","242872","SNV","C","T","No","1","","Homozygous","79","79","100","","46","40","46","40","0.4651162791","35.582278481","","","86","86","54","54","","1","1","no","No","1"
"chr_9_AM_1003_v1","385874","SNV","C","G","No","1","","Heterozygous","18","48","37.5","","5","13","11","38","0.2777777778","29.8888888889","","","18","49","15","15","-0.47","0.5354827733","0.9722645837","no","No","1"
"chr_9_AM_1003_v1","385874","SNV","C","C","Yes","1","","Heterozygous","30","48","62.5","","6","25","11","38","0.1935483871","31.9333333333","","","31","49","20","23","","0.6474306748","0.9947419248","no","No","1"
"chr_6_AM_1003_v1","7412","SNV","C","T","No","1","","Heterozygous","50","152","32.8947368421","","20","38","93","77","0.3448275862","36.76","","","58","170","35","38","1.08","0.013738619","0.1257547006","no","No","1"
"chr_6_AM_1003_v1","7412","SNV","C","C","Yes","1","","Heterozygous","102","152","67.1052631579","","73","39","93","77","0.3482142857","35.0588235294","","","112","170","74","76","","0.4646421736","0.626618484","no","No","1"
"chr_6_AM_1003_v1","7415","SNV","T","C","No","1","","Heterozygous","49","152","32.2368421053","","18","37","92","77","0.3272727273","35.4489795918","","","55","169","34","37","-0.43","0.0327276343","0.0915155447","no","No","1"
"chr_6_AM_1003_v1","7415","SNV","T","T","Yes","1","","Heterozygous","103","152","67.7631578947","","74","40","92","77","0.350877193","36.3980582524","","","114","169","76","78","","0.6420012124","0.6265196584","no","No","1"
"chr_6_AM_1003_v1","15225","SNV","G","A","No","1","","Heterozygous","47","142","33.0985915493","","36","18","95","63","0.3333333333","36.7446808511","","","54","158","37","38","1.03","0.6693467145","0.9268239613","no","No","1"
"chr_6_AM_1003_v1","15225","SNV","G","G","Yes","1","","Heterozygous","95","142","66.9014084507","","59","45","95","63","0.4326923077","34.8947368421","","","104","158","67","70","","0.9519588687","1","no","No","1"
"chr_6_AM_1003_v1","15240","SNV","C","T","No","1","","Heterozygous","47","145","32.4137931034","","33","20","95","64","0.3773584906","36.1914893617","","","53","159","37","38","-0.22","0.5392506719","1","no","No","1"
"chr_6_AM_1003_v1","15240","SNV","C","C","Yes","1","","Heterozygous","98","145","67.5862068966","","62","44","95","64","0.4150943396","36.612244898","","","106","159","68","70","","0.8687384405","1","no","No","1"
"chr_6_AM_1003_v1","15243","SNV","A","G","No","1","","Heterozygous","46","143","32.1678321678","","33","20","94","68","0.3773584906","36.4782608696","","","53","162","36","37","-0.11","0.8491380745","0.9912474163","no","No","1"
"chr_6_AM_1003_v1","15243","SNV","A","A","Yes","1","","Heterozygous","97","143","67.8321678322","","61","48","94","68","0.4403669725","36.3402061856","","","109","162","66","68","","0.9810009851","1","no","No","1"
"chr_6_AM_1003_v1","15249","SNV","A","G","No","1","","Heterozygous","46","145","31.724137931","","32","20","95","67","0.3846153846","37","","","52","162","36","37","0.2","0.9603670501","0.9998363794","no","No","1"
"chr_6_AM_1003_v1","15249","SNV","A","A","Yes","1","","Heterozygous","99","145","68.275862069","","63","47","95","67","0.4272727273","36.7575757576","","","110","162","66","69","","0.9948152643","1","no","No","1"
"chr_6_AM_1003_v1","15280","SNV","C","T","No","1","","Heterozygous","48","158","30.3797468354","","33","25","103","80","0.4310344828","35.6666666667","","","58","183","36","37","-0.36","0.6843418449","1","no","No","1"
"chr_6_AM_1003_v1","15280","SNV","C","C","Yes","1","","Heterozygous","110","158","69.6202531646","","70","55","103","80","0.44","36.6727272727","","","125","183","71","74","","0.9842198498","1","no","No","1"
"chr_6_AM_1003_v1","229253","SNV","C","T","No","1","","Homozygous","78","78","100","","40","40","40","40","0.5","35.8974358974","","","80","80","57","57","","1","1","no","No","1"
"chr_10_AM_1003_v1","8^9","Insertion","-","C","No","1","","Heterozygous","5","13","38.4615384615","","5","2","13","3","0.2857142857","34.6","","","7","16","3","4","-0.59","0.744130011","0.9321412906","no","No","1"
"chr_10_AM_1003_v1","8^9","Insertion","-","-","Yes","0","","Heterozygous","8","13","61.5384615385","","8","1","13","3","0.1111111111","37","","","9","16","7","7","","0.727144485","0.9358604037","no","No","1"
"chr_10_AM_1003_v1","113986","SNV","C","T","No","1","","Homozygous","60","60","100","","30","38","30","38","0.4411764706","36.8","","","68","68","44","45","","1","1","no","No","1"
"chr_10_AM_1003_v1","166710","SNV","G","A","No","1","","Homozygous","41","41","100","","20","25","20","25","0.4444444444","36.3658536585","","","45","45","35","37","","1","1","no","No","1"
"chr_10_AM_1003_v1","283207","Deletion","A","-","No","1","","Heterozygous","12","38","31.5789473684","","4","8","12","27","0.3333333333","26.3333333333","","","12","39","11","11","-1.88","0.4473987473","0.9997059256","no","Yes","17"
"chr_10_AM_1003_v1","283207","SNV","A","A","Yes","1","","Heterozygous","26","38","68.4210526316","","8","19","12","27","0.2962962963","34.5384615385","","","27","39","21","23","","0.9012571802","1","no","Yes","17"
"chr_10_AM_1003_v1","300185","SNV","C","A","No","1","","Heterozygous","11","34","32.3529411765","","11","0","16","18","0","19.3636363636","","","11","34","9","10","-2.87","0.0465306925","0.0177887121","no","No","1"
"chr_10_AM_1003_v1","300185","SNV","C","C","Yes","1","","Heterozygous","23","34","67.6470588235","","5","18","16","18","0.2173913043","34.2173913043","","","23","34","19","19","","0.2792203936","0.2818310806","no","No","1"
"chr_10_AM_1003_v1","490894^490895","Insertion","-","ATATATATATATAT","No","14","","Homozygous","14","14","100","","12","7","12","7","0.3684210526","36","","","19","19","19","19","","1","1","no","No","1"
"chr_10_AM_1003_v1","513314","SNV","C","A","No","1","","Heterozygous","16","42","38.0952380952","","16","0","24","20","0","23.375","","","16","44","11","15","-2.33","0.0177267554","0.0115291256","no","No","1"
"chr_10_AM_1003_v1","513314","SNV","C","C","Yes","1","","Heterozygous","25","42","59.5238095238","","7","20","24","20","0.2592592593","32.84","","","27","44","21","22","","0.1905630619","0.1470781047","no","No","1"
"chr_10_AM_1003_v1","519279","SNV","C","A","No","1","","Heterozygous","9","30","30","","0","9","15","15","0","19.8888888889","","","9","30","8","8","-2.9","0.0425917045","0.0491591489","no","No","1"
"chr_10_AM_1003_v1","519279","SNV","C","C","Yes","1","","Heterozygous","21","30","70","","15","6","15","15","0.2857142857","34.619047619","","","21","30","18","17","","0.3148615869","0.493981801","no","No","1"
"chr_10_AM_1003_v1","549316","SNV","C","T","No","1","","Homozygous","42","42","100","","18","30","18","30","0.375","36.0952380952","","","48","48","32","31","","1","1","no","No","1"
"chr_10_AM_1003_v1","633295","Replacement","A","CC","No","2","","Heterozygous","7","22","31.8181818182","","0","7","0","22","0","25.1428571429","","","7","22","7","6","0.2","0.6622570439","1","no","No","1"
"chr_10_AM_1003_v1","633295","SNV","A","A","Yes","1","","Heterozygous","12","22","54.5454545455","","0","12","0","22","0","24.0833333333","","","12","22","8","8","","0.3369335602","1","no","No","1"
"chr_10_AM_1003_v1","720420^720421","Insertion","-","A","No","1","","Heterozygous","16","27","59.2592592593","","1","16","12","17","0.0588235294","36.25","","","17","29","13","13","0.54","0.0472567409","0.0722909793","no","No","1"
"chr_10_AM_1003_v1","720420^720421","Insertion","-","-","Yes","0","","Heterozygous","11","27","40.7407407407","","11","1","12","17","0.0833333333","33.5454545455","","","12","29","8","8","","0.0162333294","0.0285750398","no","No","1"
"chr_10_AM_1003_v1","720425","SNV","A","G","No","1","","Heterozygous","16","27","59.2592592593","","0","16","11","17","0","35.375","","","16","28","13","13","0.1","0.0472567409","0.0318895729","no","No","1"
"chr_10_AM_1003_v1","720425","SNV","A","A","Yes","1","","Heterozygous","11","27","40.7407407407","","11","1","11","17","0.0833333333","35.9090909091","","","12","28","8","8","","0.0162333294","0.0217947829","no","No","1"
"chr_10_AM_1003_v1","722855","SNV","G","A","No","1","","Heterozygous","17","40","42.5","","1","17","23","22","0.0555555556","37","","","18","45","15","15","0.23","6.176E-3","0.0104147421","no","No","1"
"chr_10_AM_1003_v1","722855","SNV","G","G","Yes","1","","Heterozygous","23","40","57.5","","22","5","23","22","0.1851851852","36.4782608696","","","27","45","17","17","","0.1177628803","0.0920435148","no","No","1"
"chr_10_AM_1003_v1","722876","SNV","T","A","No","1","","Heterozygous","13","38","34.2105263158","","0","13","23","22","0","37","","","13","45","11","11","0.2","0.0146677915","0.0106004127","no","No","1"
"chr_10_AM_1003_v1","722876","SNV","T","T","Yes","1","","Heterozygous","25","38","65.7894736842","","23","9","23","22","0.28125","36.52","","","32","45","18","18","","0.101949199","0.3694247182","no","No","1"
"chr_10_AM_1003_v1","738147","Replacement","G","TCA","No","3","","Homozygous","10","10","100","","0","10","0","10","0","35.3333333333","","","10","10","7","8","","1","1","no","No","1"
"chr_10_AM_1003_v1","738154","Deletion","G","-","No","1","","Homozygous","10","10","100","","0","10","0","10","0","37","","","10","10","7","8","","1","1","no","No","1"
"chr_10_AM_1003_v1","738156","SNV","T","A","No","1","","Homozygous","10","10","100","","0","10","0","10","0","37","","","10","10","7","8","","1","1","no","No","1"
"chr_10_AM_1003_v1","738618..738619","Deletion","GG","-","No","2","","Heterozygous","10","22","45.4545454545","","0","10","3","22","0","34.4","","A1_CKDN230031286-1A_HGKYGDSX7_L1_1 (paired, trimmed pairs) mapping (Locally Realigned, Variants)-2 (compared)","10","25","6","6","-0.49","0.1081363187","0.5904999581","no","Yes","3"
"chr_10_AM_1003_v1","738618..738619","MNV","GG","GG","Yes","2","","Heterozygous","7","22","31.8181818182","","3","7","3","22","0.3","37","","A1_CKDN230031286-1A_HGKYGDSX7_L1_1 (paired, trimmed pairs) mapping (Locally Realigned, Variants)-2 (compared)","10","25","10","10","","0.0786146122","0.5481192999","no","Yes","3"
"chr_10_AM_1003_v1","738625..738627","Deletion","GGT","-","No","3","","Homozygous","9","21","42.8571428571","","0","9","2","21","0","37","","","9","23","5","5","0","0.1475841848","0.7126775372","no","No","1"
"chr_7_AM_1003_v1","440..442","Deletion","TCT","-","No","3","","Heterozygous","6","18","33.3333333333","","6","0","8","11","0","35","","","6","19","4","4","-0.59","0.0177438591","0.0739213374","no","No","1"
"chr_7_AM_1003_v1","440..442","MNV","TCT","TCT","Yes","3","","Heterozygous","12","18","66.6666666667","","2","11","8","11","0.1538461538","35.9142857143","","","13","19","10","10","","0.0965479223","0.4024875585","no","No","1"
"chr_7_AM_1003_v1","1379","SNV","G","A","No","1","","Heterozygous","7","16","43.75","","7","0","16","0","0","37","","","7","16","4","4","0","0.350915992","1","no","No","1"
"chr_7_AM_1003_v1","1379","SNV","G","G","Yes","1","","Heterozygous","9","16","56.25","","9","0","16","0","0","37","","","9","16","8","8","","0.568325345","1","no","No","1"
"chr_7_AM_1003_v1","75145..75146","MNV","TC","AA","No","2","","Heterozygous","11","30","36.6666666667","","11","0","20","11","0","26.0909090909","","","11","31","8","8","-2.7","0.0669092548","0.1199799982","no","No","1"
"chr_7_AM_1003_v1","75145..75146","MNV","TC","TC","Yes","2","","Heterozygous","18","30","60","","8","11","20","11","0.4210526316","34.4705882353","","","19","31","14","17","","0.4051783874","0.479466093","no","No","1"
"chr_7_AM_1003_v1","106001^106002","Insertion","-","A","No","1","","Homozygous","12","12","100","","12","2","12","2","0.1428571429","37","","","14","14","10","10","","1","1","no","No","1"
"chr_7_AM_1003_v1","106005","SNV","C","T","No","1","","Homozygous","15","15","100","","15","2","15","2","0.1176470588","37","","","17","17","12","12","","1","1","no","No","1"
"chr_7_AM_1003_v1","106007","SNV","A","G","No","1","","Homozygous","15","15","100","","15","2","15","2","0.1176470588","37","","","17","17","12","12","","1","1","no","No","1"
"chr_7_AM_1003_v1","161676","SNV","G","T","No","1","","Heterozygous","9","28","32.1428571429","","0","9","10","20","0","15.4444444444","","","9","30","7","9","-1.78","0.1538671836","0.2009994881","no","No","1"
"chr_7_AM_1003_v1","161676","SNV","G","G","Yes","1","","Heterozygous","17","28","60.7142857143","","10","9","10","20","0.4736842105","26.2941176471","","","19","30","14","15","","0.7356192002","0.6011123807","no","No","1"
"chr_7_AM_1003_v1","222771","SNV","C","T","No","1","","Homozygous","27","27","100","","21","9","21","9","0.3","35.1481481481","","","30","30","22","22","","1","1","no","No","1"
"chr_7_AM_1003_v1","365568","SNV","G","A","No","1","","Homozygous","46","46","100","","26","23","26","23","0.4693877551","36.2173913043","","","49","49","29","29","","1","1","no","No","1"
"chr_7_AM_1003_v1","477310","SNV","G","A","No","1","","Homozygous","21","21","100","","17","5","17","5","0.2272727273","35.8571428571","","","22","22","16","16","","1","1","no","No","1"
"chr_7_AM_1003_v1","524437..524439","MNV","TTC","CAT","No","3","","Heterozygous","9","30","30","","3","6","15","18","0.3333333333","34.1851851852","","","9","33","7","7","-0.29","0.3755021371","0.9111954726","no","No","1"
"chr_7_AM_1003_v1","524437..524439","MNV","TTC","TTC","Yes","3","","Heterozygous","21","30","70","","12","12","15","18","0.5","35","","","24","33","20","21","","0.9764827303","0.9998245768","no","No","1"
"chr_7_AM_1003_v1","524444","SNV","A","T","No","1","","Heterozygous","9","30","30","","3","6","14","18","0.3333333333","37","","","9","32","7","7","0","0.479079248","0.9410076205","no","No","1"
"chr_7_AM_1003_v1","524444","SNV","A","A","Yes","1","","Heterozygous","21","30","70","","11","12","14","18","0.4782608696","37","","","23","32","17","18","","0.8897398907","0.9999752967","no","No","1"
"chr_7_AM_1003_v1","524448","SNV","A","C","No","1","","Heterozygous","9","30","30","","3","6","14","18","0.3333333333","33","","","9","32","7","7","-1.02","0.3609989369","0.9410076205","no","No","1"
"chr_7_AM_1003_v1","524448","SNV","A","A","Yes","1","","Heterozygous","21","30","70","","11","12","14","18","0.4782608696","35.8571428571","","","23","32","17","18","","0.9435987268","0.9999752967","no","No","1"
"chr_7_AM_1003_v1","524452","SNV","G","A","No","1","","Heterozygous","9","29","31.0344827586","","3","6","15","16","0.3333333333","35.6666666667","","","9","31","7","7","-0.02","0.2744781227","0.8527215211","no","No","1"
"chr_7_AM_1003_v1","524452","SNV","G","G","Yes","1","","Heterozygous","20","29","68.9655172414","","12","10","15","16","0.4545454545","35.1","","","22","31","17","18","","0.8800152402","0.9946161907","no","No","1"
"chr_7_AM_1003_v1","556572","SNV","A","T","No","1","","Heterozygous","9","21","42.8571428571","","0","9","0","21","0","37","","","9","21","7","7","0","0.0814776358","1","no","No","1"
"chr_7_AM_1003_v1","556572","SNV","A","A","Yes","1","","Heterozygous","12","21","57.1428571429","","0","12","0","21","0","37","","","12","21","9","10","","0.1418956007","1","no","No","1"
"chr_7_AM_1003_v1","621542","Deletion","T","-","No","1","","Heterozygous","6","18","33.3333333333","","6","0","15","4","0","35","","","6","19","6","5","0.66","0.3785274572","0.5537014152","no","Yes","30"
"chr_7_AM_1003_v1","621542","SNV","T","T","Yes","1","","Heterozygous","12","18","66.6666666667","","9","4","15","4","0.3076923077","30.6666666667","","","13","19","12","11","","0.7803835909","0.9191260705","no","Yes","30"
"chr_7_AM_1003_v1","621572","SNV","C","A","No","1","","Heterozygous","6","16","37.5","","6","0","12","5","0","17.6666666667","","","6","17","6","5","-2.36","0.3270862723","0.4084722023","no","No","1"
"chr_7_AM_1003_v1","621572","SNV","C","C","Yes","1","","Heterozygous","7","16","43.75","","3","5","12","5","0.375","35.2857142857","","","8","17","7","7","","0.8228054171","0.4016963502","no","No","1"
"chr_7_AM_1003_v1","621587","SNV","C","A","No","1","","Heterozygous","5","14","35.7142857143","","5","0","9","5","0","19","","","5","14","5","5","-2.4","0.9393812787","0.3782020134","no","No","1"
"chr_7_AM_1003_v1","621587","SNV","C","C","Yes","1","","Heterozygous","9","14","64.2857142857","","4","5","9","5","0.4444444444","37","","","9","14","9","9","","0.9128672635","0.7786792923","no","No","1"
"chr_7_AM_1003_v1","621853","SNV","C","A","No","1","","Heterozygous","10","23","43.4782608696","","10","0","17","7","0","15.2","","","10","24","9","9","-3.29","0.524044993","0.2305805437","no","No","1"
"chr_7_AM_1003_v1","621853","SNV","C","C","Yes","1","","Heterozygous","10","23","43.4782608696","","4","7","17","7","0.3636363636","34.4","","","11","24","10","10","","0.2348941427","0.2488615439","no","No","1"
"chr_7_AM_1003_v1","621855","SNV","C","A","No","1","","Heterozygous","8","25","32","","8","0","18","9","0","16","","","8","27","7","7","-2.24","0.3549043418","0.2399815524","no","No","1"
"chr_7_AM_1003_v1","621855","SNV","C","C","Yes","1","","Heterozygous","17","25","68","","10","9","18","9","0.4736842105","28.7647058824","","","19","27","17","17","","0.8969389351","0.8141510184","no","No","1"
"chr_7_AM_1003_v1","621859","SNV","T","A","No","1","","Heterozygous","11","26","42.3076923077","","11","0","18","10","0","17.1818181818","","","11","28","10","11","-2.7","0.1179854253","0.1192810207","no","No","1"
"chr_7_AM_1003_v1","621859","SNV","T","T","Yes","1","","Heterozygous","15","26","57.6923076923","","7","10","18","10","0.4117647059","31","","","17","28","14","14","","0.3353958198","0.4910208567","no","No","1"
"chr_7_AM_1003_v1","626160","SNV","C","A","No","1","","Heterozygous","8","26","30.7692307692","","8","0","14","13","0","11","","","8","27","7","8","-3.56","0.104548522","0.0809893714","no","No","1"
"chr_7_AM_1003_v1","626160","SNV","C","C","Yes","1","","Heterozygous","18","26","69.2307692308","","6","13","14","13","0.3157894737","33.4444444444","","","19","27","14","15","","0.6348371247","0.5839851683","no","No","1"
"chr_7_AM_1003_v1","733168","SNV","C","T","No","1","","Homozygous","33","33","100","","18","19","18","19","0.4864864865","35.5454545455","","","37","37","26","26","","1","1","no","No","1"
"chr_7_AM_1003_v1","811929","SNV","G","T","No","1","","Heterozygous","3","10","30","","0","3","0","10","0","11","","","3","10","2","3","-2.05","0.1329183692","1","no","No","1"
"chr_7_AM_1003_v1","811929","SNV","G","G","Yes","1","","Heterozygous","7","10","70","","0","7","0","10","0","33.2857142857","","","7","10","6","6","","0.4214617121","1","no","No","1"
"chr_7_AM_1003_v1","850795","Deletion","A","-","No","1","","Heterozygous","11","36","30.5555555556","","5","10","19","22","0.3333333333","28.8181818182","","","15","41","5","6","-1.58","0.220293816","0.8490055901","no","Yes","13"
"chr_7_AM_1003_v1","850795","SNV","A","A","Yes","1","","Heterozygous","25","36","69.4444444444","","14","12","19","22","0.4615384615","36.52","","","26","41","20","21","","0.8924710768","0.9760900328","no","Yes","13"
"chr_7_AM_1003_v1","851783","SNV","G","A","No","1","","Homozygous","44","44","100","","26","22","26","22","0.4583333333","34.7272727273","","","48","48","35","36","","1","1","no","No","1"
"chr_7_AM_1003_v1","978955","SNV","G","A","No","1","","Heterozygous","18","45","40","","1","18","34","58","0.0526315789","34.1111111111","","A1_CKDN230031286-1A_HGKYGDSX7_L1_1 (paired, trimmed pairs) mapping (Locally Realigned, Variants)-2 (compared)","19","46","16","18","0.69","0.104857019","0.0605676185","no","No","1"
"chr_7_AM_1003_v1","978955","SNV","G","G","Yes","1","","Heterozygous","25","45","55.5555555556","","16","9","34","58","0.36","31.32","","A1_CKDN230031286-1A_HGKYGDSX7_L1_1 (paired, trimmed pairs) mapping (Locally Realigned, Variants)-2 (compared)","25","46","18","23","","0.1113402621","0.1326013213","no","Yes","14"
"chr_7_AM_1003_v1","1021685","SNV","T","G","No","1","","Heterozygous","8","24","33.3333333333","","8","0","13","13","0","17.75","","","8","26","7","7","-2.51","0.1035253818","0.0693332609","no","No","1"
"chr_7_AM_1003_v1","1021685","SNV","T","T","Yes","1","","Heterozygous","16","24","66.6666666667","","5","13","13","13","0.2777777778","32.125","","","18","26","16","15","","0.4871359089","0.5123780844","no","No","1"
"chr_7_AM_1003_v1","1078499","SNV","G","A","No","1","","Heterozygous","22","63","34.9206349206","","20","2","48","21","0.0909090909","35.3636363636","","","22","69","15","15","-0.73","0.0547255117","0.243290378","no","No","1"
"chr_7_AM_1003_v1","1078499","SNV","G","G","Yes","1","","Heterozygous","41","63","65.0793650794","","28","19","48","21","0.4042553191","36.7073170732","","","47","69","33","33","","0.5813297021","0.8154906143","no","No","1"
"chr_15_AM_1003_v1","27515","SNV","A","G","No","1","","Heterozygous","19","61","31.1475409836","","6","15","30","34","0.2857142857","36.3684210526","","","21","64","16","16","0.88","0.2286810786","0.5421267269","no","No","1"
"chr_15_AM_1003_v1","27515","SNV","A","A","Yes","1","","Heterozygous","42","61","68.8524590164","","24","19","30","34","0.4418604651","33.7142857143","","","43","64","39","40","","0.8885929608","0.9185144918","no","No","1"
"chr_15_AM_1003_v1","30997","SNV","A","T","No","1","","Heterozygous","25","83","30.1204819277","","9","21","35","55","0.3","36.52","","","30","90","18","18","0.09","0.0900908317","0.8812293125","no","No","1"
"chr_15_AM_1003_v1","30997","SNV","A","A","Yes","1","","Heterozygous","58","83","69.8795180723","","26","34","35","55","0.4333333333","36.1379310345","","","60","90","40","42","","0.8051032894","0.9970453572","no","No","1"
"chr_15_AM_1003_v1","85379^85380","Insertion","-","T","No","1","","Heterozygous","12","36","33.3333333333","","4","8","22","19","0.3333333333","33.8333333333","","","12","41","11","11","1.93","0.8136298434","0.6337165823","no","Yes","15"
"chr_15_AM_1003_v1","85379^85380","Insertion","-","-","Yes","0","","Heterozygous","24","36","66.6666666667","","18","11","22","19","0.3793103448","24.6666666667","","","29","41","21","23","","0.9748270288","0.9540016371","no","Yes","15"
"chr_15_AM_1003_v1","96859","SNV","T","G","No","1","","Heterozygous","13","40","32.5","","13","0","22","18","0","14.0769230769","","","13","40","12","12","-3.26","0.0811222119","0.0269838471","no","No","1"
"chr_15_AM_1003_v1","96859","SNV","T","T","Yes","1","","Heterozygous","27","40","67.5","","9","18","22","18","0.3333333333","30.2592592593","","","27","40","24","24","","0.6422730384","0.4036725944","no","No","1"
"chr_15_AM_1003_v1","96884","SNV","A","G","No","1","","Heterozygous","12","39","30.7692307692","","12","0","21","19","0","11","","","12","40","10","11","-4.28","7.018E-3","0.0252485636","no","No","1"
"chr_15_AM_1003_v1","96884","SNV","A","A","Yes","1","","Heterozygous","25","39","64.1025641026","","7","19","21","19","0.2692307692","33.88","","","26","40","20","20","","0.0658797755","0.2499397106","no","No","1"
"chr_15_AM_1003_v1","171183","SNV","G","A","No","1","","Homozygous","45","45","100","","22","27","22","27","0.4489795918","35.9333333333","","","49","49","37","37","","1","1","no","No","1"
"chr_15_AM_1003_v1","204586","SNV","C","A","No","1","","Heterozygous","11","26","42.3076923077","","11","0","14","12","0","13.5454545455","","","11","26","10","11","-3.61","0.1114392193","0.0455174476","no","No","1"
"chr_15_AM_1003_v1","204586","SNV","C","C","Yes","1","","Heterozygous","15","26","57.6923076923","","3","12","14","12","0.2","33.5333333333","","","15","26","13","12","","0.2320846308","0.191638606","no","No","1"
"chr_15_AM_1003_v1","448664","SNV","A","T","No","1","","Heterozygous","9","20","45","","5","4","48","43","0.4444444444","35.6666666667","","","9","21","8","7","1.37","0.5416230326","0.9999595457","no","No","1"
"chr_15_AM_1003_v1","448664","SNV","A","A","Yes","1","","Heterozygous","11","20","55","","6","6","48","43","0.5","29","","","12","21","11","11","","0.7381185888","0.9999970279","no","Yes","24"
"chr_15_AM_1003_v1","487348","SNV","G","A","No","1","","Homozygous","38","38","100","","21","23","21","23","0.4772727273","36.6842105263","","","44","44","30","30","","1","1","no","No","1"
"chr_15_AM_1003_v1","517578","SNV","C","A","No","1","","Heterozygous","7","23","30.4347826087","","7","0","16","9","0","19","","","7","25","5","7","-2.87","0.0717359371","0.2467712516","no","No","1"
"chr_15_AM_1003_v1","517578","SNV","C","C","Yes","1","","Heterozygous","16","23","69.5652173913","","9","9","16","9","0.5","33","","","18","25","16","16","","0.3691230756","0.833495693","no","No","1"
"chr_15_AM_1003_v1","564422","SNV","C","T","No","1","","Homozygous","56","56","100","","52","21","52","21","0.2876712329","37","","","73","73","40","40","","1","1","no","No","1"
"chr_15_AM_1003_v1","714335","SNV","G","T","No","1","","Heterozygous","6","19","31.5789473684","","0","6","8","11","0","24.3333333333","","","6","19","6","6","-2.28","0.0453064549","0.2220538988","no","No","1"
"chr_15_AM_1003_v1","714335","SNV","G","G","Yes","1","","Heterozygous","13","19","68.4210526316","","8","5","8","11","0.3846153846","37","","","13","19","10","10","","0.5034650414","0.7239767854","no","No","1"
"chr_15_AM_1003_v1","737000","SNV","A","C","No","1","","Heterozygous","14","36","38.8888888889","","0","14","18","20","0","16.8571428571","","","14","38","10","12","-3.23","0.0225378788","0.0154990482","no","No","1"
"chr_15_AM_1003_v1","737000","SNV","A","A","Yes","1","","Heterozygous","22","36","61.1111111111","","18","6","18","20","0.25","30.6363636364","","","24","38","20","21","","0.3039294664","0.2078848698","no","No","1"
"chr_15_AM_1003_v1","888863","SNV","C","A","No","1","","Heterozygous","9","26","34.6153846154","","6","5","11","17","0.4545454545","12.5555555556","","","11","28","7","8","-2.41","0.3918613988","0.8338768093","no","No","1"
"chr_15_AM_1003_v1","888863","SNV","C","C","Yes","1","","Heterozygous","15","26","57.6923076923","","3","12","11","17","0.2","25.1333333333","","","15","28","13","13","","0.7056714197","0.603959007","no","No","1"
"chr_15_AM_1003_v1","907174","SNV","G","A","No","1","","Homozygous","39","39","100","","22","21","22","21","0.488372093","36.0256410256","","","43","43","38","37","","1","1","no","No","1"
"chr_15_AM_1003_v1","1081577","SNV","C","A","No","1","","Heterozygous","6","20","30","","0","6","7","13","0","11","","","6","20","5","6","-2.23","0.2604077059","0.3178215611","no","No","1"
"chr_15_AM_1003_v1","1081577","SNV","C","C","Yes","1","","Heterozygous","14","20","70","","7","7","7","13","0.5","26.8571428571","","","14","20","13","14","","0.8406915094","0.8369916568","no","No","1"
"chr_15_AM_1003_v1","1081604","Deletion","T","-","No","1","","Heterozygous","10","23","43.4782608696","","6","4","8","16","0.4","29.2","","","10","24","9","9","-0.06","0.4972010451","0.4954841627","no","Yes","20"
"chr_15_AM_1003_v1","1081604","SNV","T","T","Yes","1","","Heterozygous","13","23","56.5217391304","","2","12","8","16","0.1428571429","30.0769230769","","","14","24","12","12","","0.33326987","0.583991542","no","Yes","20"
"chr_12_AM_1003_v1","73374","SNV","C","T","No","1","","Homozygous","51","51","100","","34","22","34","22","0.3928571429","36.2941176471","","","56","56","36","36","","1","1","no","No","1"
"chr_12_AM_1003_v1","264026","Deletion","T","-","No","1","","Heterozygous","13","30","43.3333333333","","5","8","15","16","0.3846153846","25.3076923077","","A1_CKDN230031286-1A_HGKYGDSX7_L1_1 (paired, trimmed pairs) mapping (Locally Realigned, Variants)-2 (compared)","13","31","12","12","-2.13","0.6674971944","0.9463428194","no","Yes","26"
"chr_12_AM_1003_v1","348895","SNV","G","T","No","1","","Heterozygous","8","22","36.3636363636","","8","0","11","11","0","14.5","","","8","22","8","7","-3.82","0.2132665832","0.073628134","no","No","1"
"chr_12_AM_1003_v1","348895","SNV","G","G","Yes","1","","Heterozygous","14","22","63.6363636364","","3","11","11","11","0.2142857143","37","","","14","22","11","12","","0.2043308876","0.3586175186","no","No","1"
"chr_12_AM_1003_v1","356280","SNV","G","T","No","1","","Heterozygous","9","26","34.6153846154","","0","9","11","15","0","12.5555555556","","","9","26","7","5","-3.26","0.165353259","0.1049282997","no","No","1"
"chr_12_AM_1003_v1","356280","SNV","G","G","Yes","1","","Heterozygous","17","26","65.3846153846","","11","6","11","15","0.3529411765","31","","","17","26","17","17","","0.6171532043","0.5351535861","no","No","1"
"chr_12_AM_1003_v1","356288","SNV","G","T","No","1","","Heterozygous","8","25","32","","0","8","10","15","0","12.75","","","8","25","6","5","-2.79","0.1230052533","0.1569145814","no","No","1"
"chr_12_AM_1003_v1","356288","SNV","G","G","Yes","1","","Heterozygous","16","25","64","","10","6","10","15","0.375","29.75","","","16","25","16","16","","0.5915514138","0.5484723192","no","No","1"
"chr_12_AM_1003_v1","377243","SNV","C","T","No","1","","Homozygous","23","23","100","","17","8","17","8","0.32","36.4782608696","","","25","25","22","22","","1","1","no","No","1"
"chr_12_AM_1003_v1","571758","SNV","G","A","No","1","","Homozygous","22","22","100","","14","10","14","10","0.4166666667","36.4545454545","","","24","24","18","19","","1","1","no","No","1"
"chr_12_AM_1003_v1","730970","SNV","G","A","No","1","","Homozygous","24","24","100","","15","12","15","12","0.4444444444","37","","","27","27","21","21","","1","1","no","No","1"
"chr_12_AM_1003_v1","963132^963133","Insertion","-","T","No","1","","Heterozygous","18","34","52.9411764706","","1","18","16","19","0.0526315789","37","","","19","35","14","14","0.62","0.0202246844","0.0237053405","no","No","1"
"chr_12_AM_1003_v1","963132^963133","Insertion","-","-","Yes","0","","Heterozygous","16","34","47.0588235294","","15","1","16","19","0.0625","35.5","","","16","35","10","10","","0.0143955475","0.0132550057","no","No","1"
"chr_12_AM_1003_v1","1019030^1019031","Insertion","-","A","No","1","","Heterozygous","9","28","32.1428571429","","7","2","17","12","0.2222222222","37","","","9","29","7","7","1.55","0.5884749387","0.7218153174","no","Yes","15"
"chr_12_AM_1003_v1","1019030^1019031","Insertion","-","-","Yes","0","","Heterozygous","19","28","67.8571428571","","10","10","17","12","0.5","31.1052631579","","","20","29","19","19","","0.9459892325","0.9656518144","no","Yes","15"
"chr_12_AM_1003_v1","1061823","SNV","C","T","No","1","","Heterozygous","16","44","36.3636363636","","12","8","35","13","0.4","34.75","","","20","48","14","14","-1.02","0.1258561487","0.7618288195","no","No","1"
"chr_12_AM_1003_v1","1061823","SNV","C","C","Yes","1","","Heterozygous","28","44","63.6363636364","","23","5","35","13","0.1785714286","37","","","28","48","22","22","","0.3742669624","0.8314750111","no","No","1"
"chr_12_AM_1003_v1","1062572^1062573","Insertion","-","T","No","1","","Heterozygous","9","27","33.3333333333","","9","0","38","28","0","37","","A1_CKDN230031286-1A_HGKYGDSX7_L1_1 (paired, trimmed pairs) mapping (Locally Realigned, Variants)-2 (compared)","9","33","5","6","0.93","0.017622163","0.0847396501","no","No","1"
"chr_12_AM_1003_v1","1062572^1062573","Insertion","-","-","Yes","0","","Heterozygous","18","27","66.6666666667","","10","14","38","28","0.4166666667","33.5555555556","","A1_CKDN230031286-1A_HGKYGDSX7_L1_1 (paired, trimmed pairs) mapping (Locally Realigned, Variants)-2 (compared)","24","33","22","22","","0.4211505046","0.6392968595","no","No","1"
"chr_12_AM_1003_v1","1062907","SNV","G","A","No","1","","Heterozygous","14","41","34.1463414634","","12","7","31","19","0.3684210526","36.1428571429","","","19","50","13","13","0.01","0.1486977265","1","no","No","1"
"chr_12_AM_1003_v1","1062907","SNV","G","G","Yes","1","","Heterozygous","27","41","65.8536585366","","19","12","31","19","0.3870967742","36.1111111111","","","31","50","22","21","","0.4719473196","1","no","No","1"
"chr_12_AM_1003_v1","1062912","Deletion","G","-","No","1","","Heterozygous","14","43","32.5581395349","","12","10","33","24","0.4545454545","33.4285714286","","","22","57","12","12","-1.13","0.702641023","0.9998209732","no","No","1"
"chr_12_AM_1003_v1","1062912","SNV","G","G","Yes","1","","Heterozygous","29","43","67.4418604651","","21","14","33","24","0.4","37","","","35","57","23","22","","0.9416735987","1","no","No","1"
"chr_12_AM_1003_v1","1062988^1062989","Insertion","-","G","No","1","","Heterozygous","13","42","30.9523809524","","1","13","30","64","0.0714285714","35","","A1_CKDN230031286-1A_HGKYGDSX7_L1_1 (paired, trimmed pairs) mapping (Locally Realigned, Variants)-2 (compared)","14","47","12","12","0.29","0.3642970399","0.2573298241","no","No","1"
"chr_12_AM_1003_v1","1062988^1062989","Insertion","-","-","Yes","0","","Heterozygous","29","42","69.0476190476","","14","19","30","64","0.4242424242","34.3793103448","","A1_CKDN230031286-1A_HGKYGDSX7_L1_1 (paired, trimmed pairs) mapping (Locally Realigned, Variants)-2 (compared)","33","47","26","25","","0.9175643616","0.7874126579","no","No","1"
"chr_12_AM_1003_v1","1063002..1063003","MNV","TG","GT","No","2","","Heterozygous","12","39","30.7692307692","","1","12","13","31","0.0769230769","33.25","","","13","44","11","11","-0.75","0.2882468627","0.3961852515","no","No","1"
"chr_12_AM_1003_v1","1063002..1063003","MNV","TG","TG","Yes","2","","Heterozygous","24","39","61.5384615385","","12","16","13","31","0.4285714286","36.2340425532","","","28","44","22","21","","0.8643263232","0.7383669926","no","No","1"
"chr_11_AM_1003_v1","527","Replacement","A","CC","No","2","","Heterozygous","7","13","53.8461538462","","0","7","0","13","0","37","","","7","13","4","4","0","1","1","no","No","1"
"chr_11_AM_1003_v1","527","SNV","A","A","Yes","1","","Heterozygous","6","13","46.1538461538","","0","6","0","13","0","37","","","6","13","5","5","","1","1","no","No","1"
"chr_11_AM_1003_v1","529","SNV","T","A","No","1","","Heterozygous","7","13","53.8461538462","","0","7","0","13","0","37","","","7","13","3","3","0","1","1","no","No","1"
"chr_11_AM_1003_v1","529","SNV","T","T","Yes","1","","Heterozygous","6","13","46.1538461538","","0","6","0","13","0","37","","","6","13","5","5","","1","1","no","No","1"
"chr_11_AM_1003_v1","67610^67611","Insertion","-","TT","No","2","","Heterozygous","14","45","31.1111111111","","8","7","17","30","0.4666666667","31.1428571429","","A1_CKDN230031286-1A_HGKYGDSX7_L1_1 (paired, trimmed pairs) mapping (Locally Realigned, Variants)-2 (compared)","15","47","15","15","-0.89","0.6733168127","0.681700306","no","Yes","24"
"chr_11_AM_1003_v1","200107","SNV","C","T","No","1","","Homozygous","51","51","100","","37","21","37","21","0.3620689655","36.5294117647","","","58","58","32","36","","1","1","no","No","1"
"chr_11_AM_1003_v1","212763","SNV","G","A","No","1","","Homozygous","39","39","100","","24","18","24","18","0.4285714286","34.4358974359","","","42","42","37","36","","1","1","no","No","1"
"chr_11_AM_1003_v1","379555","SNV","C","T","No","1","","Homozygous","55","55","100","","28","28","28","28","0.5","35.1818181818","","","56","56","39","39","","1","1","no","No","1"
"chr_11_AM_1003_v1","513367","SNV","A","C","No","1","","Heterozygous","11","27","40.7407407407","","11","0","12","16","0","37","","","11","28","10","10","0.27","0.0118885247","0.0113859124","no","No","1"
"chr_11_AM_1003_v1","513367","SNV","A","A","Yes","1","","Heterozygous","16","27","59.2592592593","","1","16","12","16","0.0588235294","36.25","","","17","28","10","11","","0.027209719","0.0611917222","no","No","1"
"chr_11_AM_1003_v1","513370^513371","Insertion","-","T","No","1","","Heterozygous","11","26","42.3076923077","","11","0","12","15","0","37","","","11","27","10","10","0.57","0.0146717913","0.0145904492","no","No","1"
"chr_11_AM_1003_v1","513370^513371","Insertion","-","-","Yes","0","","Heterozygous","15","26","57.6923076923","","1","15","12","15","0.0625","34.4666666667","","","16","27","9","10","","0.0280676347","0.063258007","no","No","1"
"chr_11_AM_1003_v1","513373","SNV","A","C","No","1","","Heterozygous","12","27","44.4444444444","","12","0","13","15","0","37","","","12","28","11","11","0.29","0.0276291855","0.0136658243","no","No","1"
"chr_11_AM_1003_v1","513373","SNV","A","A","Yes","1","","Heterozygous","15","27","55.5555555556","","1","15","13","15","0.0625","35.2666666667","","","16","28","9","10","","0.0512117519","0.0485537674","no","No","1"
"chr_11_AM_1003_v1","513375^513376","Insertion","-","A","No","1","","Heterozygous","12","23","52.1739130435","","12","0","13","11","0","32.8333333333","","","12","24","11","11","-0.68","0.032570748","0.0379431358","no","No","1"
"chr_11_AM_1003_v1","513375^513376","Insertion","-","-","Yes","0","","Heterozygous","11","23","47.8260869565","","1","11","13","11","0.0833333333","35.9090909091","","","12","24","8","9","","0.033450072","0.0579960165","no","No","1"
"chr_11_AM_1003_v1","631076","SNV","G","A","No","1","","Homozygous","67","67","100","","38","35","38","35","0.4794520548","35.5074626866","","","73","73","52","55","","1","1","no","No","1"
"chr_5_AM_1003_v1","2799","SNV","G","T","No","1","","Homozygous","26","26","100","","0","26","0","26","0","37","","","26","26","21","21","","1","1","no","No","1"
"chr_5_AM_1003_v1","5075^5076","Insertion","-","TG","No","2","","Heterozygous","24","75","32","","24","6","46","47","0.2","36.2083333333","","","30","93","22","22","-0.21","2.24E-3","0.0458971748","no","No","1"
"chr_5_AM_1003_v1","5075^5076","Insertion","-","-","Yes","0","","Heterozygous","51","75","68","","22","41","46","47","0.3492063492","36.4901960784","","","63","93","42","41","","0.2288631525","0.4879018958","no","No","1"
"chr_5_AM_1003_v1","5085","SNV","T","C","No","1","","Heterozygous","24","74","32.4324324324","","24","6","41","51","0.2","37","","","30","92","18","18","0.83","3.671E-3","0.014193962","no","No","1"
"chr_5_AM_1003_v1","5085","SNV","T","T","Yes","1","","Heterozygous","50","74","67.5675675676","","17","45","41","51","0.2741935484","34.72","","","62","92","34","33","","0.0625087555","0.2890050584","no","No","1"
"chr_5_AM_1003_v1","32937","SNV","C","T","No","1","","Homozygous","92","92","100","","52","48","52","48","0.48","36.3260869565","","","100","100","66","68","","1","1","no","No","1"
"chr_5_AM_1003_v1","135600","SNV","T","C","No","1","","Heterozygous","19","45","42.2222222222","","19","0","30","16","0","35","","","19","46","15","15","-0.39","2.26E-3","0.0293288405","no","No","1"
"chr_5_AM_1003_v1","135600","SNV","T","T","Yes","1","","Heterozygous","26","45","57.7777777778","","11","16","30","16","0.4074074074","36.5384615385","","","27","46","19","21","","6.808E-3","0.2648898407","no","No","1"
"chr_5_AM_1003_v1","510093","SNV","G","A","No","1","","Heterozygous","88","163","53.9877300613","","52","45","94","86","0.4639175258","35.4090909091","","","97","180","64","66","0.26","0.9526129948","1","no","No","1"
"chr_5_AM_1003_v1","510093","SNV","G","G","Yes","1","","Heterozygous","75","163","46.0122699387","","42","41","94","86","0.4939759036","35.5333333333","","","83","180","48","48","","0.868167876","1","no","No","1"
"chr_4_AM_1003_v1","62..63","Deletion","CC","-","No","2","","Heterozygous","5","16","31.25","","5","2","16","7","0.2857142857","37","","A1_CKDN230031286-1A_HGKYGDSX7_L1_1 (paired, trimmed pairs) mapping (Locally Realigned, Variants)-2 (compared)","7","23","6","6","1.11","0.9766435538","0.9987234671","no","Yes","3"
"chr_4_AM_1003_v1","62..63","MNV","CC","CC","Yes","2","","Heterozygous","10","16","62.5","","10","5","16","7","0.3333333333","32.3391666535","A1_CKDN230031286-1A_HGKYGDSX7_L1_1 (paired, trimmed pairs) mapping (Locally Realigned, Variants)-2 (compared)","A1_CKDN230031286-1A_HGKYGDSX7_L1_1 (paired, trimmed pairs) mapping (Locally Realigned, Variants)-2 (compared)","15","23","15","14","","0.9999677216","0.999731409","no","Yes","3"
"chr_4_AM_1003_v1","82^83","Insertion","-","C","No","1","","Heterozygous","7","20","35","","7","1","39","15","0.125","35.2857142857","","A1_CKDN230031286-1A_HGKYGDSX7_L1_1 (paired, trimmed pairs) mapping (Locally Realigned, Variants)-2 (compared)","8","26","7","7","1.27","0.7680380968","0.7570655565","no","No","1"
"chr_4_AM_1003_v1","82^83","Insertion","-","-","Yes","0","","Heterozygous","13","20","65","","12","6","39","15","0.3333333333","28.2307692308","","A1_CKDN230031286-1A_HGKYGDSX7_L1_1 (paired, trimmed pairs) mapping (Locally Realigned, Variants)-2 (compared)","18","26","18","17","","0.9785341169","0.9771352016","no","No","1"
"chr_4_AM_1003_v1","88^89","Insertion","-","A","No","1","","Heterozygous","9","20","45","","9","0","37","13","0","35.6666666667","","A1_CKDN230031286-1A_HGKYGDSX7_L1_1 (paired, trimmed pairs) mapping (Locally Realigned, Variants)-2 (compared)","9","26","8","8","2.2","0.2683063165","0.3079579583","no","No","1"
"chr_4_AM_1003_v1","88^89","Insertion","-","-","Yes","0","","Heterozygous","11","20","55","","10","7","37","13","0.4117647059","21.7272727273","","A1_CKDN230031286-1A_HGKYGDSX7_L1_1 (paired, trimmed pairs) mapping (Locally Realigned, Variants)-2 (compared)","17","26","16","16","","0.5523762668","0.6727446844","no","No","1"
"chr_4_AM_1003_v1","18150","SNV","A","G","No","1","","Heterozygous","15","49","30.612244898","","7","8","22","30","0.4666666667","37","","","15","52","8","8","0.81","0.0920459552","0.9970339489","no","No","1"
"chr_4_AM_1003_v1","18150","SNV","A","A","Yes","1","","Heterozygous","34","49","69.387755102","","15","22","22","30","0.4054054054","34.8235294118","","","37","52","28","28","","0.6302634062","1","no","No","1"
"chr_4_AM_1003_v1","59588","SNV","G","A","No","1","","Homozygous","47","47","100","","39","14","39","14","0.2641509434","35.9361702128","","","53","53","30","32","","1","1","no","No","1"
"chr_4_AM_1003_v1","74863","SNV","T","G","No","1","","Heterozygous","12","37","32.4324324324","","12","0","27","16","0","18.8333333333","","","12","43","9","10","-2.43","0.1193534674","0.0805362722","no","No","1"
"chr_4_AM_1003_v1","74863","SNV","T","T","Yes","1","","Heterozygous","25","37","67.5675675676","","15","16","27","16","0.4838709677","29.8","","","31","43","21","20","","0.7944191822","0.7153994138","no","No","1"
"chr_4_AM_1003_v1","94451^94452","Insertion","-","TC","No","2","","Heterozygous","17","44","38.6363636364","","3","14","17","28","0.1764705882","35.4705882353","","A1_CKDN230031286-1A_HGKYGDSX7_L1_1 (paired, trimmed pairs) mapping (Locally Realigned, Variants)-2 (compared)","17","45","13","14","-0.19","0.7603521084","0.4844109477","no","Yes","16"
"chr_4_AM_1003_v1","204308..204311","MNV","AGAA","GCTG","No","4","","Heterozygous","10","33","30.303030303","","6","4","17","18","0.4","36.6756756757","","","10","34","11","11","0.51","0.1386935027","0.8303201299","no","No","1"
"chr_4_AM_1003_v1","204308..204311","MNV","AGAA","AGAA","Yes","4","","Heterozygous","22","33","66.6666666667","","10","13","17","18","0.4347826087","35.4318181818","","","23","34","21","21","","0.7141296853","0.9982810646","no","No","1"
"chr_4_AM_1003_v1","204515","SNV","T","A","No","1","","Heterozygous","7","17","41.1764705882","","1","6","4","13","0.1428571429","37","","","7","17","5","5","1.02","0.0736698728","0.9370099389","no","No","1"
"chr_4_AM_1003_v1","204515","SNV","T","T","Yes","1","","Heterozygous","10","17","58.8235294118","","3","7","4","13","0.3","32","","","10","17","8","8","","0.1608059851","0.9812360878","no","No","1"
"chr_4_AM_1003_v1","204518","SNV","C","A","No","1","","Heterozygous","7","20","35","","1","6","4","16","0.1428571429","37","","","7","20","5","5","0.28","0.0799031563","0.9779023324","no","No","1"
"chr_4_AM_1003_v1","204518","SNV","C","C","Yes","1","","Heterozygous","13","20","65","","3","10","4","16","0.2307692308","36.0769230769","","","13","20","10","10","","0.1480823132","0.9979121892","no","No","1"
"chr_4_AM_1003_v1","356133","SNV","G","A","No","1","","Homozygous","30","30","100","","17","16","17","16","0.4848484848","36.6","","","33","33","22","24","","1","1","no","No","1"
"chr_4_AM_1003_v1","518541","Deletion","T","-","No","1","","Heterozygous","7","20","35","","3","4","13","7","0.4285714286","24.1428571429","","","7","20","4","6","-0.79","0.3043502456","0.7184621271","no","Yes","23"
"chr_4_AM_1003_v1","518541","SNV","T","T","Yes","1","","Heterozygous","13","20","65","","10","3","13","7","0.2307692308","29.1538461538","","","13","20","12","11","","0.874156858","0.8882251019","no","Yes","23"
"chr_4_AM_1003_v1","542236","SNV","G","A","No","1","","Homozygous","35","35","100","","24","16","24","16","0.4","37","","","40","40","29","29","","1","1","no","No","1"
"chr_4_AM_1003_v1","545188","SNV","C","T","No","1","","Homozygous","39","39","100","","21","21","21","21","0.5","36.6923076923","","","42","42","28","28","","1","1","no","No","1"
"chr_4_AM_1003_v1","547207","SNV","C","A","No","1","","Heterozygous","10","27","37.037037037","","10","0","17","11","0","12.4","","","10","28","9","9","-2.54","0.1020355792","0.1071952977","no","No","1"
"chr_4_AM_1003_v1","547207","SNV","C","C","Yes","1","","Heterozygous","17","27","62.962962963","","7","11","17","11","0.3888888889","25.7058823529","","","18","28","15","16","","0.4457019444","0.5352403423","no","No","1"
"chr_4_AM_1003_v1","547212","SNV","C","A","No","1","","Heterozygous","8","25","32","","8","0","15","11","0","12.75","","","8","26","8","8","-2.39","0.1068169658","0.131792682","no","No","1"
"chr_4_AM_1003_v1","547212","SNV","C","C","Yes","1","","Heterozygous","17","25","68","","7","11","15","11","0.3888888889","27.8235294118","","","18","26","16","16","","0.5078888577","0.6655531683","no","No","1"
"chr_4_AM_1003_v1","547221","SNV","G","T","No","1","","Heterozygous","7","20","35","","7","0","14","8","0","13","","","7","22","6","6","-2.54","0.2657285156","0.2447253149","no","No","1"
"chr_4_AM_1003_v1","547221","SNV","G","G","Yes","1","","Heterozygous","13","20","65","","7","8","14","8","0.4666666667","28.2307692308","","","15","22","13","12","","0.6960912563","0.7658418287","no","No","1"
"chr_4_AM_1003_v1","547227","SNV","G","T","No","1","","Heterozygous","6","18","33.3333333333","","6","0","13","6","0","11","","","6","19","5","6","-1.97","0.096008503","0.3716556981","no","No","1"
"chr_4_AM_1003_v1","547227","SNV","G","G","Yes","1","","Heterozygous","12","18","66.6666666667","","7","6","13","6","0.4615384615","26.1666666667","","","13","19","10","11","","0.7456495436","0.8480653599","no","No","1"
"chr_4_AM_1003_v1","676653^676654","Insertion","-","TT","No","2","","Heterozygous","4","10","40","","3","1","7","4","0.25","29.25","","","4","11","4","3","0.44","0.390473982","0.963449844","no","Yes","35"
"chr_4_AM_1003_v1","676653^676654","Insertion","-","-","Yes","0","","Heterozygous","5","10","50","","4","2","7","4","0.3333333333","27","","","6","11","6","6","","0.8636713782","0.9999673208","no","Yes","35"
"chr_4_AM_1003_v1","856362","SNV","T","G","No","1","","Heterozygous","10","26","38.4615384615","","10","0","14","13","0","16.4","","","10","27","7","9","-3.08","0.1421011962","0.0471242735","no","No","1"
"chr_4_AM_1003_v1","856362","SNV","T","T","Yes","1","","Heterozygous","16","26","61.5384615385","","4","13","14","13","0.2352941176","33","","","17","27","16","16","","0.421354899","0.3027322001","no","No","1"
"chr_4_AM_1003_v1","891363","SNV","A","T","No","1","","Heterozygous","6","15","40","","6","0","11","4","0","15.6666666667","","","6","15","5","4","-3.18","0.3862220341","0.4557030601","no","No","1"
"chr_4_AM_1003_v1","891363","SNV","A","A","Yes","1","","Heterozygous","9","15","60","","5","4","11","4","0.4444444444","37","","","9","15","7","7","","0.3577049647","0.7945336025","no","No","1"
"chr_4_AM_1003_v1","925588","SNV","C","T","No","1","","Homozygous","40","40","100","","25","17","25","17","0.4047619048","36.4","","","42","42","31","31","","1","1","no","No","1"
"chr_4_AM_1003_v1","1077662","SNV","C","A","No","1","","Heterozygous","6","16","37.5","","6","0","12","4","0","11","","","6","16","5","6","-1.41","0.3425519965","0.4838478174","no","No","1"
"chr_4_AM_1003_v1","1077662","SNV","C","C","Yes","1","","Heterozygous","9","16","56.25","","5","4","12","4","0.4444444444","22.5555555556","","","9","16","9","9","","0.6190086012","0.7351663369","no","No","1"
"chr_4_AM_1003_v1","1203740","SNV","G","T","No","1","","Heterozygous","14","40","35","","14","0","21","19","0","15.8571428571","","","14","40","11","11","-4.49","0.0558396797","0.0148120415","no","No","1"
"chr_4_AM_1003_v1","1203740","SNV","G","G","Yes","1","","Heterozygous","26","40","65","","7","19","21","19","0.2692307692","35.5384615385","","","26","40","18","18","","0.2724037976","0.2499397106","no","No","1"
"chr_4_AM_1003_v1","1235222","SNV","G","A","No","1","","Homozygous","36","36","100","","17","22","17","22","0.4358974359","35.6111111111","","","39","39","28","28","","1","1","no","No","1"
"chr_4_AM_1003_v1","1296769","SNV","T","A","No","1","","Heterozygous","12","38","31.5789473684","","0","12","21","18","0","32.8333333333","","","12","39","10","6","0.44","0.0409244348","0.0103805398","no","No","1"
"chr_4_AM_1003_v1","1296769","SNV","T","T","Yes","1","","Heterozygous","26","38","68.4210526316","","21","6","21","18","0.2222222222","30.0769230769","","","27","39","21","22","","0.4794135029","0.2743851204","no","No","1"
"chr_4_AM_1003_v1","1317549","SNV","G","A","No","1","","Homozygous","40","40","100","","19","26","19","26","0.4222222222","37","","","45","45","31","32","","1","1","no","No","1"
"chr_4_AM_1003_v1","1467929","SNV","G","A","No","1","","Homozygous","49","49","100","","22","30","22","30","0.4230769231","36.4693877551","","","52","52","38","40","","1","1","no","No","1"
"chr_4_AM_1003_v1","1523136","SNV","C","G","No","1","","Heterozygous","4","10","40","","2","4","16","14","0.3333333333","37","","","6","15","5","5","0.43","0.2447880022","0.7827045382","no","No","1"
"chr_4_AM_1003_v1","1523136","SNV","C","C","Yes","1","","Heterozygous","6","10","60","","6","3","16","14","0.3333333333","35","","","9","15","7","7","","0.3114442229","0.8918993447","no","Yes","4"
"chr_4_AM_1003_v1","1523138","SNV","G","A","No","1","","Heterozygous","4","10","40","","2","4","8","7","0.3333333333","37","","","6","15","3","3","0","0.2822554246","0.8199943802","no","No","1"
"chr_4_AM_1003_v1","1523138","SNV","G","G","Yes","1","","Heterozygous","6","10","60","","6","3","8","7","0.3333333333","37","","","9","15","5","5","","0.226910412","0.9178564385","no","No","1"
"chr_4_AM_1003_v1","1523166","SNV","G","A","No","1","","Heterozygous","4","10","40","","0","4","6","7","0","34","","","4","13","3","3","-0.21","0.3742510046","0.3117759415","no","No","1"
"chr_4_AM_1003_v1","1523166","SNV","G","G","Yes","1","","Heterozygous","6","10","60","","6","3","6","7","0.3333333333","35","","","9","13","5","5","","0.7959119883","0.770588914","no","No","1"
"chr_1_AM_1003_v1","2053","SNV","C","T","No","1","","Heterozygous","20","63","31.746031746","","18","13","46","41","0.4193548387","35.7","","","31","87","14","14","0.1","0.2081582995","0.9884883192","no","No","1"
"chr_1_AM_1003_v1","2053","SNV","C","C","Yes","1","","Heterozygous","43","63","68.253968254","","28","28","46","41","0.5","36.1627906977","","","56","87","34","38","","0.713241998","1","no","No","1"
"chr_1_AM_1003_v1","2150..2151","MNV","CT","AC","No","2","","Heterozygous","21","53","39.6226415094","","4","20","18","45","0.1666666667","37","","A1_CKDN230031286-1A_HGKYGDSX7_L1_1 (paired, trimmed pairs) mapping (Locally Realigned, Variants)-2 (compared)","24","63","18","18","0","0.3732459766","0.7075511553","no","No","1"
"chr_1_AM_1003_v1","10468^10469","Insertion","-","TTG","No","3","","Homozygous","12","15","80","","1","11","1","14","0.0833333333","36.3333333333","","","12","15","7","6","-0.26","0.9734122284","0.996118663","no","No","1"
"chr_1_AM_1003_v1","13277^13278","Insertion","-","C","No","1","","Heterozygous","33","106","31.1320754717","","6","32","38","76","0.1578947368","34.696969697","","","38","114","25","27","0.58","0.0517513444","0.2664854947","no","No","1"
"chr_1_AM_1003_v1","13277^13278","Insertion","-","-","Yes","0","","Heterozygous","73","106","68.8679245283","","32","44","38","76","0.4210526316","33.3561643836","","","76","114","57","59","","0.7132289149","0.8257458388","no","No","1"
"chr_1_AM_1003_v1","188197","SNV","A","G","No","1","","Heterozygous","38","107","35.5140186916","","38","6","75","51","0.1363636364","36.3684210526","","","44","126","26","27","-0.07","4.512E-3","0.0239360718","no","No","1"
"chr_1_AM_1003_v1","188197","SNV","A","A","Yes","1","","Heterozygous","69","107","64.4859813084","","37","45","75","51","0.4512195122","36.2753623188","","","82","126","60","58","","0.1892962233","0.4057290686","no","No","1"
"chr_1_AM_1003_v1","190316","SNV","C","T","No","1","","Heterozygous","7","19","36.8421052632","","3","4","11","14","0.4285714286","29.5714285714","","","7","25","4","5","-0.98","0.227235252","1","no","No","1"
"chr_1_AM_1003_v1","190316","SNV","C","C","Yes","1","","Heterozygous","10","19","52.6315789474","","7","9","11","14","0.4375","37","","","16","25","7","7","","0.7151922573","1","no","No","1"
"chr_1_AM_1003_v1","190319","SNV","C","T","No","1","","Heterozygous","6","16","37.5","","3","3","11","12","0.5","37","","","6","23","4","4","0","0.2208225876","1","no","No","1"
"chr_1_AM_1003_v1","190319","SNV","C","C","Yes","1","","Heterozygous","10","16","62.5","","8","9","11","12","0.4705882353","37","","","17","23","7","7","","0.7329688348","1","no","No","1"
"chr_1_AM_1003_v1","190334","SNV","T","C","No","1","","Heterozygous","3","10","30","","2","3","8","10","0.4","37","","","5","18","2","2","0","0.1166742715","0.998834292","no","No","1"
"chr_1_AM_1003_v1","190334","SNV","T","T","Yes","1","","Heterozygous","7","10","70","","6","7","8","10","0.4615384615","37","","","13","18","5","5","","0.7238885122","1","no","No","1"
"chr_1_AM_1003_v1","190352","SNV","T","C","No","1","","Heterozygous","3","10","30","","1","2","7","9","0.3333333333","37","","","3","16","2","2","0","0.2857730642","0.9755218744","no","No","1"
"chr_1_AM_1003_v1","190352","SNV","T","T","Yes","1","","Heterozygous","7","10","70","","6","7","7","9","0.4615384615","37","","","13","16","5","5","","0.5630378616","1","no","No","1"
"chr_1_AM_1003_v1","191245","SNV","C","T","No","1","","Heterozygous","10","20","50","","10","2","17","6","0.1666666667","34.4","","","12","23","9","10","-0.38","0.4623400843","0.9111674736","no","No","1"
"chr_1_AM_1003_v1","191245","SNV","C","C","Yes","1","","Heterozygous","10","20","50","","7","4","17","6","0.3636363636","37","","","11","23","9","9","","0.6613315344","0.9242683666","no","No","1"
"chr_1_AM_1003_v1","191919","SNV","A","G","No","1","","Heterozygous","48","150","32","","26","27","64","129","0.4905660377","36.25","","","53","193","33","32","0.79","2.725E-5","0.2865302859","no","No","1"
"chr_1_AM_1003_v1","191919","SNV","A","A","Yes","1","","Heterozygous","101","150","67.3333333333","","38","101","64","129","0.273381295","34.504950495","","","139","193","62","70","","3.532E-3","0.9022728471","no","No","1"
"chr_1_AM_1003_v1","193548","SNV","A","T","No","1","","Homozygous","12","12","100","","3","9","3","9","0.25","34.8333333333","","","12","12","11","11","","1","1","no","No","1"
"chr_1_AM_1003_v1","193550^193551","Insertion","-","A","No","1","","Heterozygous","7","17","41.1764705882","","2","5","2","15","0.2857142857","37","","","7","17","7","7","0.68","0.0584152583","0.6924390813","no","No","1"
"chr_1_AM_1003_v1","193550^193551","Insertion","-","-","Yes","0","","Heterozygous","10","17","58.8235294118","","0","10","2","15","0","34.6","","","10","17","7","10","","0.1271846023","0.594028556","no","No","1"
"chr_1_AM_1003_v1","203556","SNV","G","T","No","1","","Heterozygous","15","35","42.8571428571","","2","15","22","15","0.1176470588","35.2666666667","","","17","37","13","12","-0.33","1.265E-3","0.0132726644","no","No","1"
"chr_1_AM_1003_v1","203556","SNV","G","G","Yes","1","","Heterozygous","20","35","57.1428571429","","20","0","22","15","0","37","","","20","37","14","13","","4.222E-3","0.0108830481","no","No","1"
"chr_14_AM_1003_v1","300693^300694","Insertion","-","AAAA","No","4","","Heterozygous","11","28","39.2857142857","","8","3","22","6","0.2727272727","35.0454545455","","A1_CKDN230031286-1A_HGKYGDSX7_L1_1 (paired, trimmed pairs) mapping (Locally Realigned, Variants)-2 (compared)","11","28","10","11","-0.49","0.6602115628","0.9766517636","no","Yes","18"
"chr_14_AM_1003_v1","300693^300694","Insertion","-","-","Yes","0","","Heterozygous","14","28","50","","11","3","22","6","0.2142857143","35.1428571429","","A1_CKDN230031286-1A_HGKYGDSX7_L1_1 (paired, trimmed pairs) mapping (Locally Realigned, Variants)-2 (compared)","14","28","13","13","","0.4312587337","1","no","Yes","18"
"chr_14_AM_1003_v1","427037","SNV","C","T","No","1","","Homozygous","33","33","100","","18","18","18","18","0.5","35.8484848485","","","36","36","27","29","","1","1","no","No","1"
"chr_14_AM_1003_v1","485293","SNV","G","A","No","1","","Homozygous","38","39","97.4358974359","","16","27","16","28","0.3720930233","36.3684210526","","","43","44","33","33","","0.9999839468","1","no","No","1"
"chr_14_AM_1003_v1","507093","SNV","C","T","No","1","","Homozygous","41","41","100","","25","19","25","19","0.4318181818","35.8292682927","","","44","44","30","31","","1","1","no","No","1"
"chr_14_AM_1003_v1","754849","SNV","C","T","No","1","","Heterozygous","74","136","54.4117647059","","37","43","76","74","0.4625","36.6756756757","","","80","150","53","59","2.51","0.9993221509","0.9976469193","no","No","1"
"chr_14_AM_1003_v1","754849","SNV","C","C","Yes","1","","Heterozygous","62","136","45.5882352941","","39","31","76","74","0.4428571429","32.1290322581","","","70","150","47","48","","0.9979605633","0.9873262314","no","No","1"
"chr_14_AM_1003_v1","762002","SNV","G","A","No","1","","Heterozygous","57","138","41.3043478261","","37","28","76","84","0.4307692308","35.4912280702","","","65","160","43","43","-0.18","0.7102966928","0.7937316839","no","No","1"
"chr_14_AM_1003_v1","762002","SNV","G","G","Yes","1","","Heterozygous","81","138","58.6956521739","","39","56","76","84","0.4105263158","35.6172839506","","","95","160","59","60","","0.8519465091","0.9523918552","no","No","1"
"chr_16_AM_1003_v1","11597","SNV","G","A","No","1","","Homozygous","48","48","100","","27","23","27","23","0.46","35.9583333333","","","50","50","36","36","","1","1","no","No","1"
"chr_16_AM_1003_v1","105516","SNV","G","A","No","1","","Homozygous","59","59","100","","30","32","30","32","0.4838709677","33.3728813559","","","62","62","43","43","","1","1","no","No","1"
"chr_16_AM_1003_v1","192961","Deletion","A","-","No","1","","Heterozygous","13","34","38.2352941176","","8","5","19","18","0.3846153846","26.0769230769","","","13","37","7","10","-1.98","0.3273330211","0.9347796669","no","Yes","20"
"chr_16_AM_1003_v1","192961","SNV","A","A","Yes","1","","Heterozygous","21","34","61.7647058824","","11","13","19","18","0.4583333333","35.7619047619","","","24","37","17","21","","0.7945462447","0.9965479985","no","Yes","20"
"chr_16_AM_1003_v1","208481","SNV","G","A","No","1","","Homozygous","51","51","100","","33","20","33","20","0.3773584906","36.0196078431","","","53","53","41","42","","1","1","no","No","1"
"chr_16_AM_1003_v1","216495","SNV","C","T","No","1","","Homozygous","49","49","100","","24","36","24","36","0.4","36.2244897959","","","60","60","35","35","","1","1","no","No","1"
"chr_16_AM_1003_v1","295110","SNV","G","C","No","1","","Homozygous","47","47","100","","32","19","32","19","0.3725490196","35.7234042553","","","51","51","38","38","","1","1","no","No","1"
"chr_16_AM_1003_v1","425931","SNV","G","A","No","1","","Homozygous","36","36","100","","19","20","19","20","0.4871794872","36.6666666667","","","39","39","31","30","","1","1","no","No","1"
"chr_16_AM_1003_v1","472768","SNV","G","A","No","1","","Homozygous","33","33","100","","18","19","18","19","0.4864864865","35.0606060606","","","37","37","25","26","","1","1","no","No","1"
"chr_16_AM_1003_v1","503380","SNV","G","A","No","1","","Heterozygous","12","33","36.3636363636","","0","12","11","22","0","24.1666666667","","","12","33","8","10","-1.9","0.1123623067","0.1204353533","no","No","1"
"chr_16_AM_1003_v1","503380","SNV","G","G","Yes","1","","Heterozygous","13","33","39.3939393939","","11","2","11","22","0.1538461538","34.0769230769","","","13","33","12","13","","0.1060257173","0.0180337879","no","No","1"
"chr_16_AM_1003_v1","700497","SNV","C","T","No","1","","Heterozygous","17","50","34","","4","17","21","36","0.1904761905","33.9411764706","","","21","57","14","14","-0.52","0.2043913788","0.5132666845","no","No","1"
"chr_16_AM_1003_v1","700497","SNV","C","C","Yes","1","","Heterozygous","33","50","66","","17","19","21","36","0.4722222222","36.6363636364","","","36","57","27","27","","0.8817698573","0.860623003","no","No","1"
"chr_16_AM_1003_v1","821488","SNV","C","T","No","1","","Homozygous","43","45","95.5555555556","","23","25","24","26","0.4791666667","36.7209302326","","","48","50","32","32","","0.999961202","1","no","No","1"
"chr_16_AM_1003_v1","840650","SNV","C","A","No","1","","Heterozygous","11","32","34.375","","11","0","21","11","0","11","","","11","32","10","10","-3.18","0.1358767643","0.1311404168","no","No","1"
"chr_16_AM_1003_v1","840650","SNV","C","C","Yes","1","","Heterozygous","20","32","62.5","","9","11","21","11","0.45","29.2","","","20","32","15","18","","0.6303910352","0.5326942324","no","No","1"
"chr_16_AM_1003_v1","943429","SNV","T","A","No","1","","Heterozygous","15","25","60","","0","15","0","25","0","11.9333333333","","","15","25","12","12","-2.33","0.945443086","1","no","No","1"
"chr_16_AM_1003_v1","943429","SNV","T","T","Yes","1","","Heterozygous","10","25","40","","0","10","0","25","0","24.2","","","10","25","8","9","","0.8867233652","1","no","No","1"
"chr_16_AM_1003_v1","943436","SNV","A","C","No","1","","Heterozygous","14","24","58.3333333333","","0","14","1","23","0","13","","","14","24","14","12","-1.64","0.8582286406","0.7740842498","no","No","1"
"chr_16_AM_1003_v1","943436","SNV","A","A","Yes","1","","Heterozygous","10","24","41.6666666667","","1","9","1","23","0.1","21.6","","","10","24","7","10","","0.7536489738","0.8474781718","no","No","1"
"chr_16_AM_1003_v1","945976","SNV","C","T","No","1","","Heterozygous","7","15","46.6666666667","","7","0","15","0","0","35.2857142857","","","7","15","4","4","-0.06","0.0350333802","1","no","No","1"
"chr_16_AM_1003_v1","945976","SNV","C","C","Yes","1","","Heterozygous","8","15","53.3333333333","","8","0","15","0","0","35.5","","","8","15","7","8","","0.0684149726","1","no","No","1"
